x0=0mm,Iin[A],Iout[A],l[mm],p1[mm],p2[mm],p3[mm],win[mm],k,L1[nH],L2[nH],Bleak [T],PrimaryWinding[m3],PrimaryWinding[cm3],PrimaryCore[m3],PrimaryCore[cm3],x0=100mm,Iin[A],Iout[A],l[mm],p1[mm],p2[mm],p3[mm],win[mm],k,L1[nH],L2[nH],Bleak[T],PrimaryWinding[m3],PrimaryWinding[cm3],PrimaryCore[m3],PrimaryCore[cm3],w[rad/s],kdiff[%],P_0mm[W],P_100mm[W],Pout[W],Bleak[uT]
42,13.51550007,35.5038414,1047.998657,24.09251022,76.09284973,21.97911644,533.7177734,0.271411767,42496.23392,30806.78856,1.30E-05,0.000106764,1.07E+02,0.005491506,5491.505925,42,13.51550007,35.5038414,1047.998657,24.09251022,76.09284973,21.97911644,533.7177734,0.253729491,42911.97696,30789.7555,1.98E-05,0.000106764,1.07E+02,0.005491506,5491.505925,534070.7511,6.514926015,2516.711111,2363.576091,2363.576091,198.42784274
73,15.74937725,33.66652679,1060.522949,70.01101685,76.09474945,18.42951012,534.9243164,0.252098958,43580.71,30903.23933,1.60E-05,0.00011609,1.16E+02,0.005623545,5623.544627,73,15.74937725,33.66652679,1060.522949,70.01101685,76.09474945,18.42951012,534.9243164,0.239939346,43962.50178,30878.05779,2.51E-05,0.00011609,1.16E+02,0.005623545,5623.544627,534070.7511,4.823348959,2619.875776,2503.387922,2503.387922,250.96796919
45,16.29273224,26.92070007,893.0905762,20.24124718,75.58065796,45.01406479,516.4727783,0.26128137,38927.52692,30694.62044,1.23E-05,0.000108351,1.08E+02,0.003988054,3988.053886,45,16.29273224,26.92070007,893.0905762,20.24124718,75.58065796,45.01406479,516.4727783,0.244470122,39207.25003,30657.08595,1.81E-05,0.000108351,1.08E+02,0.003988054,3988.053886,534070.7511,6.434154737,2115.665715,1985.424972,1985.424972,180.75780672
33,17.03390503,16.81385994,1063.61792,70.01373291,75.40974426,18.88986015,383.1984863,0.307588117,33079.69696,30902.09533,9.61E-06,9.42E-05,9.42E+01,0.005656415,5656.415399,33,17.03390503,16.81385994,1063.61792,70.01373291,75.40974426,18.88986015,383.1984863,0.277662459,33438.59084,30890.24684,1.55E-05,9.42E-05,9.42E+01,0.005656415,5656.415399,534070.7511,9.729133303,1504.266278,1364.998832,1364.998832,154.89812823
2,17.04876518,14.80843639,1063.463623,69.97364807,69.86198425,18.39969254,154.8830566,0.282121351,16893.34842,30748.99043,5.40E-06,6.05E-05,6.05E+01,0.005654774,5654.774387,2,17.04876518,14.80843639,1063.463623,69.97364807,69.86198425,18.39969254,154.8830566,0.24784539,17005.15583,30754.85236,7.78E-06,6.05E-05,6.05E+01,0.005654774,5654.774387,534070.7511,12.14936788,866.9822027,764.2384856,764.2384856,77.84853661
62,17.10785294,27.93285751,1058.534912,29.49995041,76.04650879,63.64575577,538.0582275,0.248604524,42708.99985,30909.09116,1.61E-05,0.000117551,1.18E+02,0.005602481,5602.4808,62,17.10785294,27.93285751,1058.534912,29.49995041,76.04650879,63.64575577,538.0582275,0.23850606,42991.2978,30906.78275,2.67E-05,0.000117551,1.18E+02,0.005602481,5602.4808,534070.7511,4.062059288,2305.268487,2218.841422,2218.841422,266.70070691
49,17.16573334,27.53157234,1047.563232,47.2894783,66.06729889,25.56554985,506.8319092,0.276030699,40658.81663,30865.71668,1.36E-05,0.000107234,1.07E+02,0.005486944,5486.943625,49,17.16573334,27.53157234,1047.563232,47.2894783,66.06729889,25.56554985,506.8319092,0.258049817,41044.29439,30847.72955,2.13E-05,0.000107234,1.07E+02,0.005486944,5486.943625,534070.7511,6.51408782,2468.11338,2317.574618,2317.574618,213.28434005
26,17.55050659,18.04989243,1046.788086,28.42068481,75.96309662,19.90264702,469.2941589,0.295916645,37485.97935,30870.10581,1.08E-05,9.80E-05,9.80E+01,0.005478826,5478.826485,26,17.55050659,18.04989243,1046.788086,28.42068481,75.96309662,19.90264702,469.2941589,0.269788228,37916.42758,30834.78777,1.67E-05,9.80E-05,9.80E+01,0.005478826,5478.826485,534070.7511,8.829654452,1703.083545,1560.702952,1560.702952,166.67070888
75,17.9700737,33.02707672,1055.641724,59.85799789,75.99092102,41.84635162,527.338501,0.251632141,41997.08679,30918.92641,1.73E-05,0.000117848,1.18E+02,0.005571897,5571.897247,75,17.9700737,33.02707672,1055.641724,59.85799789,75.99092102,41.84635162,527.338501,0.240720259,42234.94188,30896.55747,2.83E-05,0.000117848,1.18E+02,0.005571897,5571.897247,534070.7511,4.336442064,2874.131845,2756.274244,2756.274244,282.67974283
54,18.1019001,22.33038139,1055.960693,72.33808899,59.69665146,43.86781693,445.9994507,0.283652008,37506.91389,30919.78294,1.33E-05,0.000106921,1.07E+02,0.005575265,5575.264926,54,18.1019001,22.33038139,1055.960693,72.33808899,59.69665146,43.86781693,445.9994507,0.264444268,37855.60617,30903.70077,2.16E-05,0.000106921,1.07E+02,0.005575265,5575.264926,534070.7511,6.771585829,2085.349462,1952.646398,1952.646398,215.57036851
25,20.14050293,28.59159851,852.2092285,33.69221878,58.16033173,33.49537277,460.2750244,0.288070538,35550.1156,30595.56335,1.21E-05,9.82E-05,9.82E+01,0.003631303,3631.302846,25,20.14050293,28.59159851,852.2092285,33.69221878,58.16033173,33.49537277,460.2750244,0.261323778,35935.30085,30557.68696,1.75E-05,9.82E-05,9.82E+01,0.003631303,3631.302846,534070.7511,9.284795411,2921.837924,2663.221889,2663.221889,175.07383831
44,21.19364738,25.61146545,981.5952759,55.11324692,70.03195953,46.25870132,416.2625122,0.29368783,34405.39103,30830.48754,1.33E-05,0.000100923,1.01E+02,0.004817646,4817.646428,44,21.19364738,25.61146545,981.5952759,55.11324692,70.03195953,46.25870132,416.2625122,0.270180005,34737.55926,30799.3742,2.12E-05,0.000100923,1.01E+02,0.004817646,4817.646428,534070.7511,8.004358094,2772.862428,2561.903272,2561.903272,211.52215012
47,21.57528305,35.02800751,1039.260254,18.21186638,75.75833893,50.40712738,520.6605835,0.265854562,41489.6081,30851.58795,1.77E-05,0.000109706,1.10E+02,0.005400309,5400.309378,47,21.57528305,35.02800751,1039.260254,18.21186638,75.75833893,50.40712738,520.6605835,0.250946495,41833.30428,30830.27391,2.79E-05,0.000109706,1.10E+02,0.005400309,5400.309378,534070.7511,5.607602187,3839.04563,3637.488604,3637.488604,279.26455909
41,22.01938629,22.00910759,1052.051147,61.39509583,69.56829834,43.72716904,389.5700073,0.30346711,33231.67773,30906.60085,1.33E-05,9.78E-05,9.78E+01,0.005534058,5534.05808,41,22.01938629,22.00910759,1052.051147,61.39509583,69.56829834,43.72716904,389.5700073,0.277714838,33558.13156,30884.86618,2.08E-05,9.78E-05,9.78E+01,0.005534058,5534.05808,534070.7511,8.486017334,2517.212165,2314.074149,2314.074149,207.59344329
28,22.60423279,31.86070824,1029.095947,46.07730865,64.69474792,41.50069046,413.7098083,0.303236571,34233.51739,30831.02387,1.43E-05,9.68E-05,9.68E+01,0.005295192,5295.192341,28,22.60423279,31.86070824,1029.095947,46.07730865,64.69474792,41.50069046,413.7098083,0.276685284,34572.31674,30818.73729,2.23E-05,9.68E-05,9.68E+01,0.005295192,5295.192341,534070.7511,8.755964755,3789.180588,3473.775226,3473.775226,223.23322204
34,22.91506386,29.60227394,1027.389404,62.01317596,62.20927811,48.42322159,380.8615723,0.304608261,32814.55303,30848.734,1.42E-05,9.67E-05,9.67E+01,0.005277645,5277.644937,34,22.91506386,29.60227394,1027.389404,62.01317596,62.20927811,48.42322159,380.8615723,0.278205507,33147.50301,30828.14282,2.26E-05,9.67E-05,9.67E+01,0.005277645,5277.644937,534070.7511,8.667773472,3511.062307,3221.882907,3221.882907,226.05549294
37,23.19336319,35.06311035,1062.499756,23.36757469,76.08966827,19.69507217,529.3690796,0.275320636,42057.45682,30855.65226,1.77E-05,0.000105488,1.05E+02,0.005644529,5644.528658,37,23.19336319,35.06311035,1062.499756,23.36757469,76.08966827,19.69507217,529.3690796,0.256466594,42501.92741,30843.98855,2.80E-05,0.000105488,1.05E+02,0.005644529,5644.528658,534070.7511,6.848030833,4307.651845,4033.047574,4033.047574,279.52538218
9,23.83532715,24.27942276,815.9213867,43.62182999,50.7147522,45.4634552,330.3573303,0.310909769,27612.60718,30508.23681,9.85E-06,8.31E-05,8.31E+01,0.003328639,3328.638546,9,23.83532715,24.27942276,815.9213867,43.62182999,50.7147522,45.4634552,330.3573303,0.272995232,27933.84208,30464.47889,1.44E-05,8.31E-05,8.31E+01,0.003328639,3328.638546,534070.7511,12.19470778,2789.041002,2461.362295,2461.362295,143.86942758
13,23.98434067,25.98295975,938.12677,41.76106644,63.40442657,47.10499573,335.3068542,0.314303303,28547.96154,30706.23902,1.11E-05,8.56E-05,8.56E+01,0.004400409,4400.409183,13,23.98434067,25.98295975,938.12677,41.76106644,63.40442657,47.10499573,335.3068542,0.280339169,28854.12135,30681.21795,1.64E-05,8.56E-05,8.56E+01,0.004400409,4400.409183,534070.7511,10.80616505,3097.169747,2776.126206,2776.126206,164.45068467
12,24.02324677,28.58378983,1062.521606,32.59012985,75.68267822,18.68121529,385.4179077,0.314483847,31555.26916,30799.81928,1.29E-05,8.65E-05,8.65E+01,0.005644761,5644.760816,12,24.02324677,28.58378983,1062.521606,32.59012985,75.68267822,18.68121529,385.4179077,0.279348748,31925.10684,30797.29179,1.92E-05,8.65E-05,8.65E+01,0.005644761,5644.760816,534070.7511,11.17230629,3595.494909,3212.325014,3212.325014,192.28632753
23,24.23718643,34.4418335,1063.083008,17.55099678,67.23606873,20.07484436,505.7914429,0.288141451,40495.48919,30833.94297,1.68E-05,9.96E-05,9.96E+01,0.005650727,5650.727409,23,24.23718643,34.4418335,1063.083008,17.55099678,67.23606873,20.07484436,505.7914429,0.264211451,40939.52466,30805.25607,2.55E-05,9.96E-05,9.96E+01,0.005650727,5650.727409,534070.7511,8.304948748,4539.32059,4183.142949,4183.142949,255.29565556
87,24.25891304,35.33297729,1063.658813,74.60093689,76.00956726,20.11460304,539.1968994,0.248082233,43652.4643,30957.34272,2.22E-05,0.000118048,1.18E+02,0.00565685,5656.850352,87,24.25891304,35.33297729,1063.658813,74.60093689,76.00956726,20.11460304,539.1968994,0.23708035,43990.10703,30939.74881,3.72E-05,0.000118048,1.18E+02,0.00565685,5656.850352,534070.7511,4.434772639,4174.767075,4003.887143,4003.887143,371.75682753
59,25.06362343,32.81769562,1063.543091,74.26257324,75.01589203,20.27728081,471.7770996,0.277373058,39390.0132,30926.75093,1.94E-05,0.000108159,1.08E+02,0.00565562,5655.619532,59,25.06362343,32.81769562,1063.543091,74.26257324,75.01589203,20.27728081,471.7770996,0.258337713,39737.15462,30913.90904,3.17E-05,0.000108159,1.08E+02,0.00565562,5655.619532,534070.7511,6.86272312,4252.802552,3977.5339,3977.5339,316.92504940
32,25.0684433,31.37152863,1020.667358,50.65132141,60.14297867,45.32636642,410.8634644,0.302075196,34248.334,30840.29385,1.55E-05,9.76E-05,9.76E+01,0.005208809,5208.809278,32,25.0684433,31.37152863,1020.667358,50.65132141,60.14297867,45.32636642,410.8634644,0.276238092,34577.84447,30813.60531,2.39E-05,9.76E-05,9.76E+01,0.005208809,5208.809278,534070.7511,8.553202984,4123.403986,3787.177167,3787.177167,239.30180219
18,25.55202866,22.48458481,883.9917603,53.48394012,53.97505569,56.01855469,325.3904419,0.310460031,28392.62821,30699.18225,1.12E-05,8.73E-05,8.73E+01,0.003907207,3907.207161,18,25.55202866,22.48458481,883.9917603,53.48394012,53.97505569,56.01855469,325.3904419,0.277766218,28688.00066,30642.34619,1.66E-05,8.73E-05,8.73E+01,0.003907207,3907.207161,534070.7511,10.53076394,2812.425,2526.967323,2526.967323,166.01685436
46,25.92139244,31.97708511,1045.084473,63.77322388,70.42334747,20.90673828,452.2598877,0.290315414,37484.50406,30897.98581,1.75E-05,0.000102557,1.03E+02,0.005461008,5461.007779,46,25.92139244,31.97708511,1045.084473,63.77322388,70.42334747,20.90673828,452.2598877,0.267057709,37860.14763,30866.19515,2.81E-05,0.000102557,1.03E+02,0.005461008,5461.007779,534070.7511,8.011184878,4373.781243,4041.418394,4041.418394,281.45988802
19,25.9661274,22.49272156,873.4093628,46.18751144,52.27676392,44.4903183,376.7346802,0.307785658,30965.2986,30665.88925,1.18E-05,9.04E-05,9.04E+01,0.00381422,3814.219575,19,25.9661274,22.49272156,873.4093628,46.18751144,52.27676392,44.4903183,376.7346802,0.275019847,31301.13073,30635.16257,1.74E-05,9.04E-05,9.04E+01,0.00381422,3814.219575,534070.7511,10.64565899,2958.433298,2656.452951,2656.452951,174.34654279
21,25.98602867,27.58785629,960.2288818,57.06427383,50.89663315,46.86651611,353.9520569,0.31354703,30456.32853,30759.05065,1.29E-05,8.97E-05,8.97E+01,0.004610198,4610.197527,21,25.98602867,27.58785629,960.2288818,57.06427383,50.89663315,46.86651611,353.9520569,0.281161865,30823.86554,30731.80643,1.96E-05,8.97E-05,8.97E+01,0.004610198,4610.197527,534070.7511,10.32864658,3674.384422,3313.223044,3313.223044,196.35953463
15,25.98971939,32.38463593,1035.022705,39.46040344,58.2182045,53.03103638,353.0445557,0.31505257,30225.88138,30796.7888,1.41E-05,8.82E-05,8.82E+01,0.00535636,5356.359999,15,25.98971939,32.38463593,1035.022705,39.46040344,58.2182045,53.03103638,353.0445557,0.283167472,30571.61279,30777.87305,2.04E-05,8.82E-05,8.82E+01,0.00535636,5356.359999,534070.7511,10.12056449,4320.804682,3904.462392,3904.462392,204.30676591
99,26.86241913,32.14797592,1062.371704,71.1803894,76.01206207,75.23710632,538.335083,0.226413993,40844.29647,31053.14552,2.90E-05,0.000129092,1.29E+02,0.005643168,5643.168187,99,26.86241913,32.14797592,1062.371704,71.1803894,76.01206207,75.23710632,538.335083,0.220049569,41005.65234,31039.5682,5.08E-05,0.000129092,1.29E+02,0.005643168,5643.168187,534070.7511,2.810967255,3718.941286,3620.743592,3620.743592,507.74732638
14,26.9315834,32.21639633,1039.924438,20.26313972,69.28990173,37.47238159,409.2168884,0.309477037,33256.74496,30804.79329,1.48E-05,9.04E-05,9.04E+01,0.005407214,5407.214184,14,26.9315834,32.21639633,1039.924438,20.26313972,69.28990173,37.47238159,409.2168884,0.277984146,33642.74218,30784.20103,2.26E-05,9.04E-05,9.04E+01,0.005407214,5407.214184,534070.7511,10.17616426,4590.025429,4145.408235,4145.408235,225.96769539
27,27.21358681,29.90310287,950.3466797,52.92800522,65.37540436,33.35045242,391.5535278,0.307344041,32306.8434,30742.04651,1.45E-05,9.34E-05,9.34E+01,0.004515794,4515.794058,27,27.21358681,29.90310287,950.3466797,52.92800522,65.37540436,33.35045242,391.5535278,0.276693303,32721.81443,30739.88341,2.20E-05,9.34E-05,9.34E+01,0.004515794,4515.794058,534070.7511,9.972777703,4209.584996,3813.899802,3813.899802,220.21480772
60,27.35601997,35.80530548,1063.67395,18.08366966,76.10406494,75.83525848,539.2023315,0.244164421,43568.12246,30944.27386,2.47E-05,0.000117891,1.18E+02,0.005657011,5657.01136,60,27.35601997,35.80530548,1063.67395,18.08366966,76.10406494,75.83525848,539.2023315,0.234946722,43822.15491,30911.31057,4.13E-05,0.000117891,1.18E+02,0.005657011,5657.01136,534070.7511,3.775201635,4689.818542,4523.494357,4523.494357,412.65769545
24,27.49037933,32.42107391,1053.329834,70.4023819,61.79797745,27.66174126,350.1879883,0.316016904,30727.57999,30865.1658,1.49E-05,8.95E-05,8.95E+01,0.005547519,5547.518696,24,27.49037933,32.42107391,1053.329834,70.4023819,61.79797745,27.66174126,350.1879883,0.282887288,31080.46651,30836.92912,2.28E-05,8.95E-05,8.95E+01,0.005547519,5547.518696,534070.7511,10.48349508,4632.50315,4168.690765,4168.690765,227.73698806
29,27.76677704,22.88984299,937.2748413,38.01818848,59.21229553,60.36070633,412.4273987,0.294157771,33841.79764,30798.36607,1.53E-05,9.82E-05,9.82E+01,0.004392421,4392.420641,29,27.76677704,22.88984299,937.2748413,38.01818848,59.21229553,60.36070633,412.4273987,0.269980129,34189.80903,30776.6807,2.33E-05,9.82E-05,9.82E+01,0.004392421,4392.420641,534070.7511,8.219276958,3223.576318,2972.748084,2972.748084,233.34795445
93,28.28247452,34.13458633,1058.651245,70.98069763,75.84881592,57.69413757,530.6363525,0.23762979,41760.05512,31015.32535,2.88E-05,0.000124128,1.24E+02,0.005603712,5603.712293,93,28.28247452,34.13458633,1058.651245,70.98069763,75.84881592,57.69413757,530.6363525,0.229562757,41952.93785,30992.5976,4.80E-05,0.000124128,1.24E+02,0.005603712,5603.712293,534070.7511,3.394790301,4409.409459,4267.980759,4267.980759,480.48566952
16,28.62023354,23.17443275,1063.183472,54.44566345,75.93511963,21.3478775,338.5076904,0.317011412,29027.06302,30884.44558,1.36E-05,8.51E-05,8.51E+01,0.005651795,5651.795476,16,28.62023354,23.17443275,1063.183472,54.44566345,75.93511963,21.3478775,338.5076904,0.282398044,29366.25934,30838.53314,2.05E-05,8.51E-05,8.51E+01,0.005651795,5651.795476,534070.7511,10.91865035,3362.230079,3010.328816,3010.328816,204.65520894
52,28.71979523,30.09790802,1055.706543,73.46076965,62.98225403,37.33651733,431.4108582,0.290762703,36444.81041,30931.48392,1.95E-05,0.000104125,1.04E+02,0.005572582,5572.581525,52,28.71979523,30.09790802,1055.706543,73.46076965,62.98225403,37.33651733,431.4108582,0.268732735,36829.17434,30923.97499,3.19E-05,0.000104125,1.04E+02,0.005572582,5572.581525,534070.7511,7.576614002,4506.852726,4186.785045,4186.785045,319.24699303
40,28.83492851,26.76312256,918.8181152,52.69255066,60.2763443,55.21649551,407.574707,0.29238977,33471.93378,30786.86014,1.63E-05,9.97E-05,9.97E+01,0.004221134,4221.133644,40,28.83492851,26.76312256,918.8181152,52.69255066,60.2763443,55.21649551,407.574707,0.268234685,33827.58253,30762.16972,2.52E-05,9.97E-05,9.97E+01,0.004221134,4221.133644,534070.7511,8.261262155,3868.474436,3566.262886,3566.262886,251.57064081
30,28.94276237,27.76799393,1025.090454,49.12496185,61.78563309,42.43616104,414.653656,0.302672618,34292.18185,30880.84416,1.67E-05,9.74E-05,9.74E+01,0.005254052,5254.052194,30,28.94276237,27.76799393,1025.090454,49.12496185,61.78563309,42.43616104,414.653656,0.276422587,34670.69707,30847.52493,2.59E-05,9.74E-05,9.74E+01,0.005254052,5254.052194,534070.7511,8.672747427,4227.645401,3880.147667,3880.147667,259.21263775
8,29.00161934,15.44733238,1063.647095,34.27874374,76.09424591,18.23298073,351.1288757,0.316575317,28967.29404,30907.78477,1.12E-05,8.19E-05,8.19E+01,0.005656726,5656.725714,8,29.00161934,15.44733238,1063.647095,34.27874374,76.09424591,18.23298073,351.1288757,0.279266216,29296.45635,30886.09733,1.76E-05,8.19E-05,8.19E+01,0.005656726,5656.725714,534070.7511,11.7852212,2266.415271,2009.934929,2009.934929,176.36589852
43,29.03798866,25.32893753,1055.316528,62.19135284,64.45523071,44.51269531,404.6445923,0.300353268,34285.58362,30937.68398,1.76E-05,9.96E-05,9.96E+01,0.005568465,5568.464871,43,29.03798866,25.32893753,1055.316528,62.19135284,64.45523071,44.51269531,404.6445923,0.27586516,34620.52786,30911.19246,2.84E-05,9.96E-05,9.96E+01,0.005568465,5568.464871,534070.7511,8.153101763,3842.504034,3544.899082,3544.899082,283.52026929
20,29.16625595,32.48175812,906.9273071,26.23047066,69.79964447,19.50716019,462.9856873,0.294230447,36320.83128,30690.02817,1.60E-05,9.56E-05,9.56E+01,0.004112586,4112.585702,20,29.16625595,32.48175812,906.9273071,26.23047066,69.79964447,19.50716019,462.9856873,0.265288658,36716.74402,30659.29599,2.36E-05,9.56E-05,9.56E+01,0.004112586,4112.585702,534070.7511,9.836435821,4970.306252,4503.507153,4503.507153,235.88459186
56,29.72787476,34.30627441,1063.334229,61.26744461,76.02563477,18.23487282,501.1603394,0.272006979,40837.21583,30934.6681,2.29E-05,0.000109287,1.09E+02,0.005653398,5653.398413,56,29.72787476,34.30627441,1063.334229,61.26744461,76.02563477,18.23487282,501.1603394,0.254584815,41225.56746,30923.12789,3.73E-05,0.000109287,1.09E+02,0.005653398,5653.398413,534070.7511,6.405043271,5265.832669,4951.009261,4951.009261,372.83166476
36,29.90857697,32.3726387,1045.612183,71.1917038,64.52640533,41.47929764,363.4519348,0.308981736,31887.5148,30882.55823,1.73E-05,9.50E-05,9.50E+01,0.005466524,5466.524186,36,29.90857697,32.3726387,1045.612183,71.1917038,64.52640533,41.47929764,363.4519348,0.280624346,32239.59598,30857.7565,2.71E-05,9.50E-05,9.50E+01,0.005466524,5466.524186,534070.7511,9.177691217,5013.862549,4576.937267,4576.937267,271.14760619
5,30.11558914,32.99117279,1032.560059,57.9315567,47.0578804,33.92626953,276.6788635,0.31842419,24900.29886,30752.19271,1.26E-05,7.55E-05,7.55E+01,0.005330901,5330.901377,5,30.11558914,32.99117279,1032.560059,57.9315567,47.0578804,33.92626953,276.6788635,0.278010769,25170.04741,30747.6597,1.82E-05,7.55E-05,7.55E+01,0.005330901,5330.901377,534070.7511,12.691693,4675.56704,4103.90767,4103.90767,182.03204256
53,30.87693787,34.25799561,1063.180298,56.41342163,75.78887177,19.95446777,505.5466919,0.272151919,40858.04869,30945.55484,2.37E-05,0.000109208,1.09E+02,0.005651762,5651.76173,53,30.87693787,34.25799561,1063.180298,56.41342163,75.78887177,19.95446777,505.5466919,0.25496523,41243.98058,30916.8205,3.85E-05,0.000109208,1.09E+02,0.005651762,5651.76173,534070.7511,6.315108468,5466.940106,5143.43938,5143.43938,384.92664137
66,31.21410179,32.83496094,1052.097168,62.29798126,70.23306274,34.54097366,520.352417,0.258952295,41521.24843,30967.36102,2.61E-05,0.000114962,1.15E+02,0.005534542,5534.542255,66,31.21410179,32.83496094,1052.097168,62.29798126,70.23306274,34.54097366,520.352417,0.246157363,41863.30118,30950.63731,4.35E-05,0.000114962,1.15E+02,0.005534542,5534.542255,534070.7511,4.941038429,5082.685116,4850.097897,4850.097897,435.38774329
64,31.22912788,25.03248024,1048.541504,71.48576355,57.09844971,40.54972076,498.0921021,0.264800844,40605.43774,31002.36982,2.37E-05,0.000113147,1.13E+02,0.005497196,5497.196428,64,31.22912788,25.03248024,1048.541504,71.48576355,57.09844971,40.54972076,498.0921021,0.250824344,40939.8712,30992.18952,4.02E-05,0.000113147,1.13E+02,0.005497196,5497.196428,534070.7511,5.278117594,3922.57668,3730.195408,3730.195408,402.15723472
35,31.63012123,35.65164948,1062.496948,18.06788063,76.10218811,21.38183022,539.0426025,0.272343816,42743.93087,30898.99381,2.34E-05,0.000106102,1.06E+02,0.005644499,5644.498823,35,31.63012123,35.65164948,1062.496948,18.06788063,76.10218811,21.38183022,539.0426025,0.254433191,43156.39668,30876.94723,3.78E-05,0.000106102,1.06E+02,0.005644499,5644.498823,534070.7511,6.576475712,5960.822573,5593.618067,5593.618067,378.05468256
48,31.71705246,35.75580978,1063.613403,34.43955994,76.10133362,24.55830193,527.1453857,0.271130816,41679.00442,30918.90559,2.38E-05,0.000108611,1.09E+02,0.005656367,5656.367355,48,31.71705246,35.75580978,1063.613403,34.43955994,76.10133362,24.55830193,527.1453857,0.254525178,42062.62059,30908.76498,3.88E-05,0.000108611,1.09E+02,0.005656367,5656.367355,534070.7511,6.124585194,5895.054696,5558.504642,5558.504642,387.98804278
6,32.15301514,35.76738739,1063.669067,67.05643463,76.10449219,68.89353943,129.9510498,0.30095882,18168.26634,30777.31012,1.33E-05,6.80E-05,6.80E+01,0.005656959,5656.95942,6,32.15301514,35.76738739,1063.669067,67.05643463,76.10449219,68.89353943,129.9510498,0.268641445,18339.03112,30777.72917,1.92E-05,6.80E-05,6.80E+01,0.005656959,5656.95942,534070.7511,10.73813863,4371.061001,3920.010342,3920.010342,192.10451595
7,32.16560745,31.7008667,983.9203491,57.03041077,59.80516052,31.90145302,268.0482178,0.315927632,24171.42025,30733.4887,1.26E-05,7.54E-05,7.54E+01,0.004840496,4840.496267,7,32.16560745,31.7008667,983.9203491,57.03041077,59.80516052,31.90145302,268.0482178,0.277067994,24413.64521,30723.06939,1.78E-05,7.54E-05,7.54E+01,0.004840496,4840.496267,534070.7511,12.30017054,4689.281611,4132.345864,4132.345864,177.57985632
57,32.25413513,30.84321976,1019.003601,59.26160812,62.56999207,59.06038666,457.0878906,0.274532076,37586.23434,30937.73621,2.36E-05,0.000109388,1.09E+02,0.005191842,5191.841694,57,32.25413513,30.84321976,1019.003601,59.26160812,62.56999207,59.06038666,457.0878906,0.257971116,37943.54508,30933.42157,3.76E-05,0.000109388,1.09E+02,0.005191842,5191.841694,534070.7511,6.032431708,4973.884235,4695.673796,4695.673796,376.28219152
89,32.48204803,35.16292572,1063.674072,74.60064697,75.18782806,26.27959824,539.2475586,0.246663851,43172.90197,30998.71542,2.97E-05,0.000119269,1.19E+02,0.005657013,5657.012657,89,32.48204803,35.16292572,1063.674072,74.60064697,75.18782806,26.27959824,539.2475586,0.23636412,43477.75574,30988.84287,5.06E-05,0.000119269,1.19E+02,0.005657013,5657.012657,534070.7511,4.175614301,5504.402433,5292.306543,5292.306543,505.71628692
68,32.57123184,35.50885391,1062.786377,54.60794449,73.60507965,37.74542618,534.9849854,0.25424212,42292.92161,30979.4913,2.83E-05,0.000116585,1.17E+02,0.005647574,5647.574416,68,32.57123184,35.50885391,1062.786377,54.60794449,73.60507965,37.74542618,534.9849854,0.242867861,42613.49083,30959.19833,4.73E-05,0.000116585,1.17E+02,0.005647574,5647.574416,534070.7511,4.473790046,5684.44566,5448.890633,5448.890633,472.80981159
11,33.03406143,27.79657555,1057.501953,46.21066666,61.49349213,56.93848419,290.8463745,0.318264872,26422.19855,30854.83639,1.43E-05,8.20E-05,8.20E+01,0.005591552,5591.551903,11,33.03406143,27.79657555,1057.501953,46.21066666,61.49349213,56.93848419,290.8463745,0.284243591,26721.82798,30832.11682,2.20E-05,8.20E-05,8.20E+01,0.005591552,5591.551903,534070.7511,10.68961232,4456.427733,4001.082407,4001.082407,220.03125205
50,33.03762817,35.44137573,1051.952393,31.42990303,75.39827728,28.0414772,538.2990112,0.266097904,42245.82835,30928.03996,2.51E-05,0.000110218,1.10E+02,0.005533019,5533.019186,50,33.03762817,35.44137573,1051.952393,31.42990303,75.39827728,28.0414772,538.2990112,0.251013532,42626.82886,30898.49726,4.08E-05,0.000110218,1.10E+02,0.005533019,5533.019186,534070.7511,5.668730167,6014.891457,5696.728909,5696.728909,408.42597570
22,33.22284698,32.95982742,1063.334839,23.79179382,75.83726501,18.04403687,463.8883667,0.299431458,37142.96316,30858.36634,1.97E-05,9.58E-05,9.58E+01,0.005653405,5653.404899,22,33.22284698,32.95982742,1063.334839,23.79179382,75.83726501,18.04403687,463.8883667,0.271342199,37587.88185,30845.29323,3.15E-05,9.58E-05,9.58E+01,0.005653405,5653.404899,534070.7511,9.380864334,5928.471449,5403.265242,5403.265242,314.82673473
70,33.38546753,35.80550003,1063.669556,66.46757507,76.10357666,18.33190727,535.7359009,0.254321959,43250.53414,30989.25247,2.81E-05,0.000115422,1.15E+02,0.005656965,5656.964622,70,33.38546753,35.80550003,1063.669556,66.46757507,76.10357666,18.33190727,535.7359009,0.241899735,43602.84212,30960.5199,4.72E-05,0.000115422,1.15E+02,0.005656965,5656.964622,534070.7511,4.884448248,5944.168991,5674.177447,5674.177447,471.87756026
85,33.42891693,34.73413849,1062.976563,74.3175354,65.85812378,40.0849762,520.2437134,0.25207884,41982.92617,30999.90867,3.04E-05,0.00011811,1.18E+02,0.005649596,5649.595867,85,33.42891693,34.73413849,1062.976563,74.3175354,65.85812378,40.0849762,520.2437134,0.241186923,42278.76514,30986.43218,5.00E-05,0.00011811,1.18E+02,0.005649596,5649.595867,534070.7511,4.320837399,5639.369913,5413.502265,5413.502265,499.76666038
78,33.44670868,35.6530571,1063.658203,74.5615387,76.10292816,17.89356232,538.7456665,0.248896371,43681.15956,31011.7785,2.95E-05,0.000117508,1.18E+02,0.005656844,5656.843864,78,33.44670868,35.6530571,1063.658203,74.5615387,76.10292816,17.89356232,538.7456665,0.237703269,43999.81335,30989.65042,4.96E-05,0.000117508,1.18E+02,0.005656844,5656.843864,534070.7511,4.497093199,5834.154637,5590.077979,5590.077979,495.60214005
1,33.69790268,34.61287689,1062.895386,37.4390564,56.14788818,23.06721687,263.7931519,0.305313398,22539.0229,30749.57242,1.31E-05,6.81E-05,6.81E+01,0.005648733,5648.733008,1,33.69790268,34.61287689,1062.895386,37.4390564,56.14788818,23.06721687,263.7931519,0.263757582,22722.71737,30732.45904,1.85E-05,6.81E-05,6.81E+01,0.005648733,5648.733008,534070.7511,13.61087187,5006.939099,4341.832908,4341.832908,185.40888273
96,33.70464706,23.57669067,1063.030762,74.49440765,75.64575195,70.61688232,535.5087891,0.228666399,40791.56188,31156.15115,3.44E-05,0.00012835,1.28E+02,0.005650172,5650.172005,96,33.70464706,23.57669067,1063.030762,74.49440765,75.64575195,70.61688232,535.5087891,0.221848217,41013.84584,31155.0218,6.12E-05,0.00012835,1.28E+02,0.005650172,5650.172005,534070.7511,2.981715465,3459.639474,3365.554624,3365.554624,612.05178874
74,33.827034,32.44309235,1062.457764,69.0456543,73.40180206,32.12556458,519.1251221,0.256694985,41696.24991,31003.02417,2.84E-05,0.000116177,1.16E+02,0.005644083,5644.082501,74,33.827034,32.44309235,1062.457764,69.0456543,73.40180206,32.12556458,519.1251221,0.244409966,41995.53961,30972.25851,4.87E-05,0.000116177,1.16E+02,0.005644083,5644.082501,534070.7511,4.785843052,5409.446988,5166.445927,5166.445927,487.49799764
86,34.08348083,35.80268478,1063.674194,74.60128021,76.10491943,19.97633934,539.2530518,0.248187196,43551.37943,31001.91125,2.94E-05,0.00011804,1.18E+02,0.005657014,5657.013955,86,34.08348083,35.80268478,1063.674194,74.60128021,76.10491943,19.97633934,539.2530518,0.237338381,43857.20345,30971.10386,5.05E-05,0.00011804,1.18E+02,0.005657014,5657.013955,534070.7511,4.371222558,5943.371735,5700.659696,5700.659696,505.26671589
65,34.11658478,12.08047962,1051.151855,69.69319153,75.91439819,67.6653595,417.5082092,0.275535304,35785.05465,31263.2934,2.43E-05,0.000109722,1.10E+02,0.005524601,5524.601111,65,34.11658478,12.08047962,1051.151855,69.69319153,75.91439819,67.6653595,417.5082092,0.258933511,36068.55305,31262.44618,4.07E-05,0.000109722,1.10E+02,0.005524601,5524.601111,534070.7511,6.025286956,2028.588594,1913.870818,1913.870818,406.87031356
95,34.52173233,35.79132843,1063.673828,74.54828644,76.10287476,66.5198822,533.7554932,0.230809893,41316.48129,31073.48042,3.53E-05,0.00012729,1.27E+02,0.00565701,5657.010062,95,34.52173233,35.79132843,1063.673828,74.54828644,76.10287476,66.5198822,533.7554932,0.223800231,41516.30666,31050.51804,6.33E-05,0.00012729,1.27E+02,0.00565701,5657.010062,534070.7511,3.036985019,5457.330126,5302.41242,5302.41242,632.88979524
39,34.71058655,35.51971817,1063.651367,18.96275711,76.09990692,23.1095314,538.5192871,0.272035861,42583.44289,30899.72162,2.50E-05,0.000106593,1.07E+02,0.005656771,5656.771153,39,34.71058655,35.51971817,1063.651367,18.96275711,76.09990692,23.1095314,538.5192871,0.254472997,43002.23918,30882.81224,4.00E-05,0.000106593,1.07E+02,0.005656771,5656.771153,534070.7511,6.456083977,6497.616658,6106.268811,6106.268811,400.44852237
84,34.79367065,33.16881561,1059.32312,61.77732086,71.62513733,48.45619965,527.4829102,0.249387299,41841.72154,31013.27667,3.09E-05,0.000119082,1.19E+02,0.005610827,5610.827363,84,34.79367065,33.16881561,1059.32312,61.77732086,71.62513733,48.45619965,527.4829102,0.239178078,42127.43613,31003.90533,5.35E-05,0.000119082,1.19E+02,0.005610827,5610.827363,534070.7511,4.093721278,5537.094509,5327.716325,5327.716325,535.31979639
31,34.85629272,35.67019653,1054.70752,37.90128708,76.08870697,21.31171417,462.3250732,0.295441023,37178.5033,30888.21469,2.21E-05,9.93E-05,9.93E+01,0.00556204,5562.039764,31,34.85629272,35.67019653,1054.70752,37.90128708,76.08870697,21.31171417,462.3250732,0.270170127,37601.39182,30873.47,3.47E-05,9.93E-05,9.93E+01,0.00556204,5562.039764,534070.7511,8.553617896,6648.116838,6112.480678,6112.480678,346.63963017
72,35.07688141,35.80158997,1063.62561,66.71429443,76.08905029,17.96372986,538.9708862,0.252891869,43484.5268,30977.93945,2.92E-05,0.000115859,1.16E+02,0.005656497,5656.497191,72,35.07688141,35.80158997,1063.62561,66.71429443,76.08905029,17.96372986,538.9708862,0.240800537,43823.71594,30967.59591,5.10E-05,0.000115859,1.16E+02,0.005656497,5656.497191,534070.7511,4.781226064,6225.160983,5949.601527,5949.601527,509.68152155
61,35.18384933,34.32276154,1063.674194,74.57469177,75.97863007,22.98049927,480.543396,0.272955968,39719.03785,30976.65959,2.66E-05,0.000110211,1.10E+02,0.005657014,5657.013955,61,35.18384933,34.32276154,1063.674194,74.57469177,75.97863007,22.98049927,480.543396,0.25538826,40081.07983,30971.99066,4.51E-05,0.000110211,1.10E+02,0.005657014,5657.013955,534070.7511,6.436095934,6174.952418,5803.360714,5803.360714,450.86105449
38,35.3509407,19.15843582,1063.607056,21.23114395,76.10484314,18.06079865,539.0557251,0.272403865,42649.51428,31044.53815,2.31E-05,0.00010607,1.06E+02,0.0056563,5656.299848,38,35.3509407,19.15843582,1063.607056,21.23114395,76.10484314,18.06079865,539.0557251,0.254469214,43092.3052,30976.23696,3.93E-05,0.00010607,1.06E+02,0.0056563,5656.299848,534070.7511,6.583846057,3585.277112,3362.86364,3362.86364,392.81061748
3,35.41864014,35.40882111,1063.67395,74.59957886,76.0837326,18.30914116,129.861084,0.276259252,15716.59531,30750.30452,1.21E-05,5.87E-05,5.87E+01,0.005657011,5657.01136,3,35.41864014,35.40882111,1063.67395,74.59957886,76.0837326,18.30914116,129.861084,0.243820678,15805.50007,30729.80372,1.60E-05,5.87E-05,5.87E+01,0.005657011,5657.01136,534070.7511,11.74207709,4067.831193,3599.123032,3599.123032,159.91332469
55,35.477211,35.80050278,1063.671143,45.29143906,76.10491943,23.77503014,537.3911133,0.262425836,42526.3952,30952.29027,2.79E-05,0.000112262,1.12E+02,0.005656982,5656.981502,55,35.477211,35.80050278,1063.671143,45.29143906,76.10491943,23.77503014,537.3911133,0.248520825,42849.91526,30930.24664,4.70E-05,0.000112262,1.12E+02,0.005656982,5656.981502,534070.7511,5.29864406,6458.321496,6137.15162,6137.15162,469.84078060
100,35.52217865,35.76311493,1063.674194,74.59951019,76.10491943,75.39172363,539.24646,0.226750802,39401.96909,31110.9225,3.79E-05,0.000130009,1.30E+02,0.005657014,5657.013955,100,35.52217865,35.76311493,1063.674194,74.59951019,76.10491943,75.39172363,539.24646,0.220229829,39656.02096,31096.82251,6.78E-05,0.000130009,1.30E+02,0.005657014,5657.013955,534070.7511,2.875832271,5386.392116,5247.137486,5247.137486,677.53231285
91,35.55321884,35.54241562,1063.618774,73.0488205,76.10222626,37.92932892,523.56073,0.249474047,41864.64773,31029.48959,3.23E-05,0.000119323,1.19E+02,0.005656424,5656.424482,91,35.55321884,35.54241562,1063.618774,73.0488205,76.10222626,37.92932892,523.56073,0.238897496,42118.02846,30994.85225,5.43E-05,0.000119323,1.19E+02,0.005656424,5656.424482,534070.7511,4.239539503,6068.216539,5825.256608,5825.256608,543.06430611
51,35.58274841,35.80385971,1063.67395,39.75058746,76.10202026,19.70194817,536.1219482,0.266507267,42533.06215,30962.91872,2.69E-05,0.000110002,1.10E+02,0.005657011,5657.01136,51,35.58274841,35.80385971,1063.67395,39.75058746,76.10202026,19.70194817,536.1219482,0.25099593,42916.31298,30924.3994,4.60E-05,0.000110002,1.10E+02,0.005657011,5657.01136,534070.7511,5.820230506,6580.538868,6221.52211,6221.52211,459.79271423
79,35.5931015,35.78233337,1063.674194,74.60064697,76.0558548,17.91133881,539.2530518,0.248757848,43691.16937,31004.26739,3.07E-05,0.000117587,1.18E+02,0.005657014,5657.013955,79,35.5931015,35.78233337,1063.674194,74.60064697,76.0558548,17.91133881,539.2530518,0.237564882,44007.70404,30987.58184,5.28E-05,0.000117587,1.18E+02,0.005657014,5657.013955,534070.7511,4.499542637,6227.556075,5967.243033,5967.243033,527.81827683
90,35.63173294,34.18969727,1063.674072,73.28656769,76.10275269,29.78934669,538.2057495,0.246311202,42871.4577,31020.17094,3.22E-05,0.000119725,1.20E+02,0.005657013,5657.012657,90,35.63173294,34.18969727,1063.674072,73.28656769,76.10275269,29.78934669,538.2057495,0.236177806,43177.92245,31009.29282,5.51E-05,0.000119725,1.20E+02,0.005657013,5657.012657,534070.7511,4.114062183,5844.150303,5622.725482,5622.725482,550.94247989
77,35.64580154,31.74088287,1063.674194,74.60118103,76.02624512,21.12313461,530.8080444,0.251807086,42910.94537,31021.03297,3.02E-05,0.000117061,1.17E+02,0.005657014,5657.013955,77,35.64580154,31.74088287,1063.674194,74.60118103,76.02624512,21.12313461,530.8080444,0.239944451,43246.73497,31018.50129,5.23E-05,0.000117061,1.17E+02,0.005657014,5657.013955,534070.7511,4.711001441,5551.448284,5310.359951,5310.359951,522.79349105
80,35.65274048,35.34455872,1063.674072,74.59384155,76.10453796,17.89281654,539.2530518,0.248744917,43684.72455,31003.2105,3.13E-05,0.000117589,1.18E+02,0.005657013,5657.012657,80,35.65274048,35.34455872,1063.674072,74.59384155,76.10453796,17.89281654,539.2530518,0.237585353,44006.60304,30975.07673,5.25E-05,0.000117589,1.18E+02,0.005657013,5657.012657,534070.7511,4.486348313,6160.793118,5903.357137,5903.357137,524.62633274
94,35.70377731,31.99163055,1061.764038,73.64722443,74.77435303,74.5559845,506.5334473,0.237677405,40456.48345,31094.35388,3.54E-05,0.00012472,1.25E+02,0.005636714,5636.714362,94,35.70377731,31.99163055,1061.764038,73.64722443,74.77435303,74.5559845,506.5334473,0.229568184,40633.0021,31052.15809,6.17E-05,0.00012472,1.25E+02,0.005636714,5636.714362,534070.7511,3.411860174,5142.473544,4974.465053,4974.465053,616.82828089
71,35.71976471,35.72618103,1048.785889,65.77719879,76.02313232,18.04009438,538.9950562,0.252687837,43275.27659,30974.21306,3.02E-05,0.000115667,1.16E+02,0.005499759,5499.759205,71,35.71976471,35.72618103,1048.785889,65.77719879,76.02313232,18.04009438,538.9950562,0.240529515,43593.78466,30943.48303,5.01E-05,0.000115667,1.16E+02,0.005499759,5499.759205,534070.7511,4.811597513,6305.19297,6020.869855,6020.869855,501.09741398
88,35.74273682,35.80503845,1063.674194,74.60092163,76.10491943,23.01016617,539.2526245,0.247392717,43319.97571,31018.65642,3.14E-05,0.000118695,1.19E+02,0.005657014,5657.013955,88,35.74273682,35.80503845,1063.674194,74.60092163,76.10491943,23.01016617,539.2526245,0.236835054,43598.25418,31004.87444,5.45E-05,0.000118695,1.19E+02,0.005657014,5657.013955,534070.7511,4.267572111,6198.309315,5951.497603,5951.497603,545.04235202
63,35.75043488,35.44807434,1063.629517,54.32688141,75.86048889,29.75695419,533.1340332,0.258056073,42248.49639,30968.29828,2.91E-05,0.000114857,1.15E+02,0.005656539,5656.538747,63,35.75043488,35.44807434,1063.629517,54.32688141,75.86048889,29.75695419,533.1340332,0.245461847,42561.96427,30957.43415,5.00E-05,0.000114857,1.15E+02,0.005656539,5656.538747,534070.7511,4.880422186,6317.585875,6030.454973,6030.454973,500.22668462
67,35.76747513,30.40007973,1060.939941,34.34289932,76.10491943,61.52167511,538.6558838,0.248193748,42446.26319,31018.87914,3.14E-05,0.000118232,1.18E+02,0.005627968,5627.967792,67,35.76747513,30.40007973,1060.939941,34.34289932,76.10491943,61.52167511,538.6558838,0.238410063,42695.24839,30999.33329,5.33E-05,0.000118232,1.18E+02,0.005627968,5627.967792,534070.7511,3.941954601,5229.804085,5036.772471,5036.772471,532.97301876
4,35.7707901,35.76239014,1063.662964,71.57622528,76.07038116,18.84265709,149.249527,0.283196538,16827.62854,30756.43206,1.22E-05,6.10E-05,6.10E+01,0.005656895,5656.894505,4,35.7707901,35.76239014,1063.662964,71.57622528,76.07038116,18.84265709,149.249527,0.24980636,16928.56438,30739.72563,1.68E-05,6.10E-05,6.10E+01,0.005656895,5656.894505,534070.7511,11.79046134,4401.708096,3893.2959,3893.2959,168.00297275
97,35.77329254,35.66182709,1063.673584,74.56559753,76.08887482,69.46247101,537.0584717,0.228349582,41016.50379,31086.00323,3.76E-05,0.000128403,1.28E+02,0.005657007,5657.007466,97,35.77329254,35.66182709,1063.673584,74.56559753,76.08887482,69.46247101,537.0584717,0.221662763,41206.3938,31081.84294,6.62E-05,0.000128403,1.28E+02,0.005657007,5657.007466,534070.7511,2.928325155,5555.501661,5404.925679,5404.925679,662.21366773
83,35.78745651,35.80552292,1063.674194,74.59647369,76.10491943,18.47814751,539.2530518,0.248548588,43663.00739,31013.18116,3.14E-05,0.000117716,1.18E+02,0.005657014,5657.013955,83,35.78745651,35.80552292,1063.674194,74.59647369,76.10491943,18.47814751,539.2530518,0.23747945,43972.23802,30988.87086,5.31E-05,0.000117716,1.18E+02,0.005657014,5657.013955,534070.7511,4.453510406,6259.230263,5999.262216,5999.262216,530.86143994
10,35.78755188,34.73626709,1063.576416,66.97891998,76.07933044,53.17406845,201.9479675,0.310743858,21690.38142,30818.98648,1.49E-05,7.50E-05,7.50E+01,0.005655974,5655.973963,10,35.78755188,34.73626709,1063.576416,66.97891998,76.07933044,53.17406845,201.9479675,0.278360335,21900.93696,30810.61101,2.18E-05,7.50E-05,7.50E+01,0.005655974,5655.973963,534070.7511,10.42129141,5334.07667,4800.680279,4800.680279,217.54320080
98,35.7882576,35.09158325,1063.427246,74.57525635,76.06690979,74.8516922,526.6792603,0.22965522,40525.18295,31092.79013,3.73E-05,0.000128072,1.28E+02,0.005654388,5654.387538,98,35.7882576,35.09158325,1063.427246,74.57525635,76.06690979,74.8516922,526.6792603,0.222651827,40738.67964,31075.6804,6.58E-05,0.000128072,1.28E+02,0.005654388,5654.387538,534070.7511,3.049525054,5467.779258,5313.520643,5313.520643,658.39390659
92,35.79639816,35.80486298,1063.674072,74.53302765,76.0252533,30.87949181,539.2437744,0.244905291,42898.96385,31006.61214,3.24E-05,0.000120368,1.20E+02,0.005657013,5657.012657,92,35.79639816,35.80486298,1063.674072,74.53302765,76.0252533,30.87949181,539.2437744,0.235053347,43193.94212,31014.2775,5.72E-05,0.000120368,1.20E+02,0.005657013,5657.012657,534070.7511,4.022756634,6114.048336,5888.963131,5888.963131,572.21816888
76,35.80033875,35.79616165,1063.674072,73.14115906,76.10134888,18.36519051,539.1539307,0.24942945,43616.10378,30998.33884,3.06E-05,0.000117362,1.17E+02,0.005657013,5657.012657,76,35.80033875,35.79616165,1063.674072,73.14115906,76.10134888,18.36519051,539.1539307,0.238126595,43931.22102,30995.48055,5.20E-05,0.000117362,1.17E+02,0.005657013,5657.012657,534070.7511,4.531483869,6277.153732,6014.037296,6014.037296,520.49875057
81,35.80041885,35.80552673,1063.674194,74.60128021,76.10491943,17.90116119,539.2318726,0.24870634,43698.21322,31013.15193,3.11E-05,0.000117589,1.18E+02,0.005657014,5657.013955,81,35.80041885,35.80552673,1063.674194,74.60128021,76.10491943,17.90116119,539.2318726,0.237532973,44033.99556,30976.78368,5.26E-05,0.000117589,1.18E+02,0.005657014,5657.013955,534070.7511,4.492594432,6267.994678,6005.830656,6005.830656,525.57728447
69,35.80498886,22.10945702,1063.630859,26.49393082,76.1048584,76.0847702,539.2460938,0.241987221,42955.3051,31089.05361,3.14E-05,0.000119768,1.20E+02,0.005656553,5656.553021,69,35.80498886,22.10945702,1063.630859,26.49393082,76.1048584,76.0847702,539.2460938,0.233304413,43185.31741,31087.04082,5.47E-05,0.000119768,1.20E+02,0.005656553,5656.553021,534070.7511,3.588126775,3738.737737,3614.107925,3614.107925,546.80709779
17,35.80527878,35.79068756,1063.674072,33.81399155,76.10462952,17.91898727,411.4194336,0.310498734,33479.18583,30844.03615,1.97E-05,9.04E-05,9.04E+01,0.005657013,5657.012657,17,35.80527878,35.79068756,1063.674072,33.81399155,76.10462952,17.91898727,411.4194336,0.277848119,33898.80215,30836.64951,3.03E-05,9.04E-05,9.04E+01,0.005657013,5657.012657,534070.7511,10.51553908,6828.868897,6148.2161,6148.2161,302.80368195
58,35.8053093,35.74750137,1063.674194,74.60115814,76.10491943,17.89232254,467.0198975,0.279510467,39091.95772,30945.96157,2.59E-05,0.000107189,1.07E+02,0.005657014,5657.013955,58,35.8053093,35.74750137,1063.674194,74.60115814,76.10491943,17.89232254,467.0198975,0.259599569,39436.24334,30936.94896,4.23E-05,0.000107189,1.07E+02,0.005657014,5657.013955,534070.7511,7.123489154,6645.622872,6198.439861,6198.439861,422.80070088
82,35.80541229,35.47038269,1063.674194,74.60128021,76.10491943,18.42222786,539.0377197,0.248619367,43659.39268,31019.43271,3.11E-05,0.000117674,1.18E+02,0.005657014,5657.013955,82,35.80541229,35.47038269,1063.674194,74.60128021,76.10491943,18.42222786,539.0377197,0.237581,43957.29091,30977.57557,5.28E-05,0.000117674,1.18E+02,0.005657014,5657.013955,534070.7511,4.439865964,6205.889999,5946.538363,5946.538363,528.25420080
